,phrase,label,sentiment,subjectivity,language,count
Texas,,,,,,
Pakistan,,,,,,
India,,,,,,
US,,,,,,
U.S.,,,,,,
Kentucky,,,,,,
Philippines,,,,,,
China,,,,,,
Vietnam,,,,,,
California,,,,,,
Queensland,,,,,,
Midwest,,,,,,
Mexico,,,,,,
Australia,,,,,,
Nigeria,,,,,,
Jamaica,,,,,,
North Carolina,,,,,,
South,,,,,,
Kerr County,,,,,,
Nepal,,,,,,
the Guadalupe River,,,,,,
Alaska,,,,,,
Beijing,,,,,,
Los Angeles,,,,,,
Florida,,,,,,
New South Wales,,,,,,
Central Texas,,,,,,
New York,,,,,,
New Mexico,,,,,,
Kashmir,,,,,,
Tennessee,,,,,,
Spain,,,,,,
New Jersey,,,,,,
the United States,,,,,,
West Virginia,,,,,,
Caribbean,,,,,,
Southern California,,,,,,
Argentina,,,,,,
Indonesia,,,,,,
South Africa,,,,,,
Maryland,,,,,,
Punjab,,,,,,
San Antonio,,,,,,
Virginia,,,,,,
Northeast,,,,,,
Taiwan,,,,,,
Johor,,,,,,
America,,,,,,
Sabah,,,,,,
New York City,,,,,,
Jammu,,,,,,
Kerrville,,,,,,
United States,,,,,,
Arizona,,,,,,
UK,,,,,,
Bali,,,,,,
Jakarta,,,,,,
Mumbai,,,,,,
Oklahoma,,,,,,
N.C.,,,,,,
the East Coast,,,,,,
Ruidoso,,,,,,
Europe,,,,,,
Thailand,,,,,,
Uttarakhand,,,,,,
NSW,,,,,,
Valencia,,,,,,
East Coast,,,,,,
Congo,,,,,,
New Zealand,,,,,,
Washington,,,,,,
Mokwa,,,,,,
Atlantic,,,,,,
Canada,,,,,,
Hong Kong,,,,,,
Haiti,,,,,,
Japan,,,,,,
Houston,,,,,,
Sydney,,,,,,
Ohio,,,,,,
Ky.,,,,,,
Bahia Blanca,,,,,,
Eastern Cape,,,,,,
Wales,,,,,,
Ukraine,,,,,,
Cuba,,,,,,
Southeast,,,,,,
Delhi,,,,,,
Sarawak,,,,,,
Beaufort,,,,,,
Chicago,,,,,,
Pennsylvania,,,,,,
Missouri,,,,,,
Israel,,,,,,
Gaza,,,,,,
Typhoon Bualoi,,,,,,
France,,,,,,
Punjab province,,,,,,
Oregon,,,,,,
Pradesh,,,,,,
SYDNEY,,,,,,
Himachal,,,,,,
Myanmar,,,,,,
England,,,,,,
Arkansas,,,,,,
Pacific,,,,,,
Brisbane,,,,,,
HANOI,,,,,,
Guwahati,,,,,,
east coast,,,,,,
Ireland,,,,,,
Niger,,,,,,
Alabama,,,,,,
NYC,,,,,,
Venezuela,,,,,,
South Korea,,,,,,
KERRVILLE,,,,,,
Cebu,,,,,,
Hunt,,,,,,
the Mid North Coast,,,,,,
BEIJING,,,,,,
London,,,,,,
Kathmandu,,,,,,
LA,,,,,,
Southeast Asia,,,,,,
Guadalupe River,,,,,,
Plains,,,,,,
Typhoon Halong,,,,,,
Central Florida,,,,,,
NEW DELHI,,,,,,
U.S,,,,,,
Tenn.,,,,,,
Dallas,,,,,,
Louisiana,,,,,,
Georgia,,,,,,
Kolkata,,,,,,
Lancaster County,,,,,,
Switzerland,,,,,,
Russia,,,,,,
Rockies,,,,,,
Hervey Bay,,,,,,
Wisconsin,,,,,,
Iran,,,,,,
CAPE TOWN,,,,,,
Gulf Coast,,,,,,
El Paso,,,,,,
Juneau,,,,,,
MANILA,,,,,,
Los Angeles County,,,,,,
Bangladesh,,,,,,
Toronto,,,,,,
Colorado,,,,,,
Germany,,,,,,
Miami,,,,,,
Fla.,,,,,,
Puerto Rico,,,,,,
Mid North Coast,,,,,,
the Pacific Northwest,,,,,,
Darjeeling,,,,,,
Bengaluru,,,,,,
WASHINGTON,,,,,,
LOUISVILLE,,,,,,
Carolinas,,,,,,
Milwaukee,,,,,,
New England,,,,,,
Louisville,,,,,,
Selangor,,,,,,
Meghalaya,,,,,,
Philadelphia,,,,,,
Townsville,,,,,,
Lismore,,,,,,
Maharashtra,,,,,,
San Diego,,,,,,
D.C.,,,,,,
Kenya,,,,,,
Earth,,,,,,
Niger State,,,,,,
New Orleans,,,,,,
Ilam,,,,,,
Indiana,,,,,,
Malaysia,,,,,,
MEXICO CITY,,,,,,
Vermont,,,,,,
RALEIGH,,,,,,
Kinabatangan,,,,,,
Brazil,,,,,,
Tokyo,,,,,,
Himachal Pradesh,,,,,,
Niger state,,,,,,
Kullu,,,,,,
Ontario,,,,,,
Typhoon Kajiki,,,,,,
West Java,,,,,,
Karachi,,,,,,
Auckland,,,,,,
Newfoundland,,,,,,
Utah,,,,,,
Penang,,,,,,
ABUJA,,,,,,
Wexford,,,,,,
Alps,,,,,,
Karnataka,,,,,,
Nigerias,,,,,,
FRANKFORT,,,,,,
Bangkok,,,,,,
Nevada,,,,,,
Pacific coast,,,,,,
N.M.,,,,,,
PESHAWAR,,,,,,
N.J.,,,,,,
Pacific Northwest,,,,,,
Dublin,,,,,,
Himalayas,,,,,,
Hill Country,,,,,,
Massachusetts,,,,,,
Nashville,,,,,,
Denpasar,,,,,,
U.K.,,,,,,
Singapore,,,,,,
Connecticut,,,,,,
Afghanistan,,,,,,
Africa,,,,,,
LOS ANGELES,,,,,,
Northeast India,,,,,,
the Kentucky River,,,,,,
B.C.,,,,,,
Keningau,,,,,,
the east coast,,,,,,
Central,,,,,,
North Carolina's,,,,,,
Wicklow,,,,,,
Va.,,,,,,
Asia,,,,,,
South Africa's,,,,,,
Iowa,,,,,,
Baltimore,,,,,,
South Africas,,,,,,
Bahamas,,,,,,
Ingram,,,,,,
Britain,,,,,,
Tibet,,,,,,
Taree,,,,,,
Sandakan,,,,,,
Ibiza,,,,,,
glacial lake,,,,,,
Botswana,,,,,,
Appalachia,,,,,,
Plainfield,,,,,,
Italy,,,,,,
Kansas,,,,,,
North Queensland,,,,,,
Manhattan,,,,,,
CHICAGO,,,,,,
Gulf,,,,,,
the West Coast,,,,,,
Zelia,,,,,,
New Delhi,,,,,,
Lahore,,,,,,
the Democratic Republic of Congo,,,,,,
Shonga,,,,,,
East Asia,,,,,,
Portugal,,,,,,
Bacolod,,,,,,
L.A.,,,,,,
Egypt,,,,,,
HONG KONG,,,,,,
Asheville,,,,,,
the Gaza Strip,,,,,,
Greece,,,,,,
Brevard,,,,,,
Alexandria,,,,,,
Northland,,,,,,
Tuscany,,,,,,
Long Island,,,,,,
Kishtwar,,,,,,
Texas Hill Country,,,,,,
Arunachal,,,,,,
Michigan,,,,,,
East Tennessee,,,,,,
Kyushu,,,,,,
Kerala,,,,,,
US South,,,,,,
JAMMU,,,,,,
Sunshine Coast,,,,,,
Sook,,,,,,
Western Australia's,,,,,,
South Texas,,,,,,
Rajasthan,,,,,,
ISLAMABAD,,,,,,
Guangdong,,,,,,
the Dominican Republic,,,,,,
Brooklyn,,,,,,
Mississippi,,,,,,
NC,,,,,,
Hanoi,,,,,,
Buenos Aires province,,,,,,
Manitoba,,,,,,
Bekasi,,,,,,
Kedah,,,,,,
Jordan,,,,,,
New York City’s,,,,,,
Volusia County,,,,,,
Chinas,,,,,,
Hollywood,,,,,,
Tenerife,,,,,,
Charleston,,,,,,
Cambodia,,,,,,
Allegheny County,,,,,,
the Pacific Ocean,,,,,,
Sibu,,,,,,
South Africa’s,,,,,,
Australias,,,,,,
Oaxaca,,,,,,
South Wales,,,,,,
Kyiv,,,,,,
KUCHING,,,,,,
NASHVILLE,,,,,,
Paris,,,,,,
Glendale,,,,,,
Frankfort,,,,,,
South Sudan,,,,,,
Somalia,,,,,,
Las Vegas,,,,,,
Brevard County,,,,,,
Titusville,,,,,,
Pittsburgh,,,,,,
Canterbury,,,,,,
Hawaii,,,,,,
Clarksville,,,,,,
Lake Tanganyika,,,,,,
Kelantan,,,,,,
Enniscorthy,,,,,,
Galway,,,,,,
Gujarat,,,,,,
Bintulu,,,,,,
Kwara State,,,,,,
Quebec,,,,,,
North Bengal,,,,,,
Salt Lake City,,,,,,
Tooele County,,,,,,
Manila,,,,,,
San Francisco,,,,,,
Kumamoto,,,,,,
the Hill Country,,,,,,
Tri-State,,,,,,
TEXAS,,,,,,
DC,,,,,,
the Atlantic Ocean,,,,,,
Pikeville,,,,,,
Calgary,,,,,,
Boston,,,,,,
TAIPEI,,,,,,
Southwest,,,,,,
Queens,,,,,,
Md.,,,,,,
Chattanooga,,,,,,
Portland,,,,,,
EL PASO,,,,,,
Panchthar,,,,,,
UNICEF,,,,,,
MIAMI,,,,,,
West Bengal,,,,,,
Indias,,,,,,
Khyber,,,,,,
San Diego County,,,,,,
Hue,,,,,,
Gaza City,,,,,,
Albuquerque,,,,,,
MOUNT AIRY,,,,,,
Bogor,,,,,,
Peru,,,,,,
St. Louis,,,,,,
SINGAPORE,,,,,,
East,,,,,,
West,,,,,,
New Mexico's,,,,,,
Halong,,,,,,
Beluran,,,,,,
Arctic,,,,,,
Bhutan,,,,,,
North Dakota,,,,,,
Mogadishu,,,,,,
Mid-Atlantic,,,,,,
Alberta,,,,,,
Uttar Pradesh,,,,,,
Sand Point,,,,,,
the Mid-Atlantic,,,,,,
Islamabad,,,,,,
the Bhotekoshi River,,,,,,
the Caribbean Sea,,,,,,
Co Wexford,,,,,,
Barcelona,,,,,,
Atmospheric river,,,,,,
NEW YORK,,,,,,
Taiping,,,,,,
Perak,,,,,,
Pune,,,,,,
the Desert Southwest,,,,,,
Babarmahal,,,,,,
the Manning River,,,,,,
Illinois,,,,,,
AUSTIN,,,,,,
Pakistans Punjab province,,,,,,
Midlands,,,,,,
Sweden,,,,,,
North,,,,,,
Buenos Aires,,,,,,
Pa.,,,,,,
TOKYO,,,,,,
Papar,,,,,,
Margate City,,,,,,
Dien Bien,,,,,,
Hatteras Island,,,,,,
Piedmont,,,,,,
CALIFORNIA,,,,,,
Henry County,,,,,,
JOHANNESBURG,,,,,,
Türkiye,,,,,,
Redding,,,,,,
Scotland,,,,,,
Delaware,,,,,,
the Bay Area,,,,,,
Tenom,,,,,,
Bahía Blanca,,,,,,
North Maluku,,,,,,
Gatineau,,,,,,
Guizhou province,,,,,,
Abuja,,,,,,
north Queensland,,,,,,
Sukabumi District,,,,,,
Ipswich,,,,,,
Manipur,,,,,,
Ingham,,,,,,
Democratic Republic of Congo's,,,,,,
U.S. South,,,,,,
South Carolina,,,,,,
Calif.,,,,,,
Chenab,,,,,,
The National Oceanic,,,,,,
Wipha,,,,,,
South Asia,,,,,,
SAN JUAN,,,,,,
Oshawa,,,,,,
the Red River,,,,,,
Mississauga,,,,,,
Steuben County,,,,,,
Belgium,,,,,,
Denver,,,,,,
Ark.,,,,,,
Bhatauli River,,,,,,
Los Angles,,,,,,
Ore.,,,,,,
Gulmi,,,,,,
Ramechhap,,,,,,
Mount Airy,,,,,,
Kinshasa,,,,,,
Ramban,,,,,,
Indus,,,,,,
Typhoon Fung-wong,,,,,,
Polk County,,,,,,
Liloan,,,,,,
Dauphin Island,,,,,,
Labrador,,,,,,
Ala.,,,,,,
Rift Valley,,,,,,
South Australia,,,,,,
Newcastle,,,,,,
Oklahoma City,,,,,,
Bermuda,,,,,,
the National Oceanic,,,,,,
Dumkibas,,,,,,
Ghana,,,,,,
Namibia,,,,,,
Lebanon,,,,,,
the Sai River,,,,,,
Judea,,,,,,
Guinea-Bissau,,,,,,
Ajmer,,,,,,
DALLAS,,,,,,
the South China Sea,,,,,,
NJ,,,,,,
Samaria,,,,,,
Yamuna river,,,,,,
POZA RICA,,,,,,
Kansas City,,,,,,
the Pacific coast,,,,,,
Hainan,,,,,,
Typhoon Wutip,,,,,,
Ocracoke Island,,,,,,
New York Citys,,,,,,
Leesburg,,,,,,
the New South Wales Mid North Coast,,,,,,
Khyber Pakhtunkhwa province,,,,,,
Indian Kashmir,,,,,,
Dibrugarh,,,,,,
MILWAUKEE,,,,,,
Kishtwar district,,,,,,
Tripura,,,,,,
riverside,,,,,,
Formentera,,,,,,
Poland,,,,,,
Bhairahawa,,,,,,
San Antonio FloodingThe,,,,,,
the Florida Panhandle,,,,,,
North Carolinas,,,,,,
Guizhou,,,,,,
Eastern Kentucky,,,,,,
West Virginia Flooding,,,,,,
Orlando,,,,,,
Alibaba,,,,,,
Wagah,,,,,,
Smoky Mountains,,,,,,
Yemen,,,,,,
Mexicos,,,,,,
the Mid-South,,,,,,
Balasore,,,,,,
Surrey,,,,,,
Steinbach,,,,,,
Sunkoshi,,,,,,
Maine,,,,,,
Mediterranean,,,,,,
Diphu,,,,,,
Niuland,,,,,,
South Central Texas,,,,,,
the Grand Canyon,,,,,,
South Dakota,,,,,,
North Coast,,,,,,
IL,,,,,,
Lipis,,,,,,
Gansu province,,,,,,
the U.S. Northeast,,,,,,
the New South Wales,,,,,,
Attleboro,,,,,,
Southeast Queens,,,,,,
AMC,,,,,,
Covington,,,,,,
Southeast United States,,,,,,
Valle,,,,,,
Arlington,,,,,,
Kerr County’s,,,,,,
Antarctica,,,,,,
Jersey Shore,,,,,,
Blatten,,,,,,
le…,,,,,,
Des Moines,,,,,,
the Llano River,,,,,,
Milwaukee County,,,,,,
Bengal,,,,,,
Jhapa,,,,,,
Kohima,,,,,,
Ozarks,,,,,,
Nagaland,,,,,,
Kendall County,,,,,,
Mount Everest,,,,,,
Leander,,,,,,
North Shore,,,,,,
Catalonia,,,,,,
Kagoshima,,,,,,
Oxnard,,,,,,
Southwestern Pennsylvania,,,,,,
JAKARTA,,,,,,
Hiroshima,,,,,,
Sierra Nevada,,,,,,
Tehama County,,,,,,
Emilia-Romagna,,,,,,
coachella valley,,,,,,
Reunion,,,,,,
South Australia's,,,,,,
BRISBANE,,,,,,
Dead Sea,,,,,,
the Ohio Valley,,,,,,
Melaka,,,,,,
San José,,,,,,
VALENCIA,,,,,,
Norway,,,,,,
Vancouver,,,,,,
Kwara,,,,,,
Roscommon,,,,,,
Pilbara,,,,,,
Northern California,,,,,,
Qld,,,,,,
Java island,,,,,,
Cobb County,,,,,,
the South Island,,,,,,
the Mississippi River,,,,,,
Irelands,,,,,,
SIBU,,,,,,
Thame,,,,,,
Moon,,,,,,
Terengganu,,,,,,
W.Va.,,,,,,
Northern Rivers,,,,,,
Florence,,,,,,
Kentucky River,,,,,,
WAYNESVILLE,,,,,,
the Rio Grande Valley,,,,,,
Lockyer Valley,,,,,,
Fort Myers,,,,,,
SEOUL,,,,,,
Gulf tropical,,,,,,
Green Bay,,,,,,
the Eastern United States,,,,,,
the Upper West Side,,,,,,
Lee County,,,,,,
Bronx,,,,,,
Newark Valley,,,,,,
Southeast Texas,,,,,,
Kumalak River,,,,,,
Tioga County,,,,,,
NY,,,,,,
RV,,,,,,
ATLANTA,,,,,,
Rio Ruidoso,,,,,,
The Village of Ruidoso,,,,,,
Nagpur,,,,,,
Dhaulagiri Rural,,,,,,
Myagdi,,,,,,
the Myagdi River,,,,,,
The New Republic,,,,,,
Tasmania,,,,,,
Rio Ruidoso's,,,,,,
South Tripura,,,,,,
Latrobe,,,,,,
North East,,,,,,
Samaritan,,,,,,
the Guadalupe River at Comfort,,,,,,
Empire State,,,,,,
York,,,,,,
Middle Tennessee,,,,,,
Churachandpur,,,,,,
Yola,,,,,,
Thasang Rural Municipality,,,,,,
Malibu,,,,,,
northwest Lancaster County,,,,,,
Western Australia,,,,,,
Hebei,,,,,,
LA County,,,,,,
Hampton Roads,,,,,,
Adamawa,,,,,,
Stockholm,,,,,,
the Gulf Coast,,,,,,
the Banke district,,,,,,
West London,,,,,,
Far East,,,,,,
Queens NYC,,,,,,
LIRR,,,,,,
Broșteni,,,,,,
Bengkulu,,,,,,
South Sumatra,,,,,,
Mustang,,,,,,
Syria,,,,,,
East Bengaluru,,,,,,
the North Atlantic Ocean,,,,,,
Buchanan County,,,,,,
East Texas,,,,,,
West Texas,,,,,,
Valley,,,,,,
the Kali Gandaki River,,,,,,
the Rocky Mountains,,,,,,
PITTSBURGH,,,,,,
LANCASTER,,,,,,
Texas county,,,,,,
Pushpalal,,,,,,
Mid-Hill,,,,,,
the Tamor Corridor,,,,,,
Bowling Green,,,,,,
Typhoon Wipha,,,,,,
Okhaldhunga,,,,,,
Lake Lure,,,,,,
Gulmi district,,,,,,
the Fairfield County Emergency Management Agency,,,,,,
the Burin Peninsula,,,,,,
Rasuwa,,,,,,
Metro Detroit,,,,,,
Kananaskis,,,,,,
Sindhupalchok,,,,,,
the United States National Hurricane Center,,,,,,
Zhaoqing city,,,,,,
MEMPHIS,,,,,,
Acapulco,,,,,,
Sindh,,,,,,
Bahia,,,,,,
Taman Bukit Kemuning,,,,,,
Sukamahi Dam,,,,,,
Sukamahi,,,,,,
South Halmahera,,,,,,
the Bow River,,,,,,
Tehran,,,,,,
Ein Gedi,,,,,,
Rajouri,,,,,,
the Mississippi Delta's,,,,,,
Yazoo Backwater,,,,,,
the Broad River,,,,,,
G7 Summit,,,,,,
Mangaluru,,,,,,
"Southwest
",,,,,,
the Sunshine Coast,,,,,,
EUROPE,,,,,,
BEAUFORT,,,,,,
Hino et al.,,,,,,
the NSW Mid North Coast,,,,,,
Montreal,,,,,,
Lubbock,,,,,,
the Old Continent,,,,,,
the Buri Dehing River,,,,,,
Honshu,,,,,,
Butler County,,,,,,
the Eastern Cape Province of South Africa,,,,,,
Argentinas,,,,,,
Doti,,,,,,
CAPE,,,,,,
Northeast Side,,,,,,
SAN ANTONIO,,,,,,
Manchester,,,,,,
Kent,,,,,,
Northern Ireland,,,,,,
Chimney Rock Village,,,,,,
the Northern Rivers,,,,,,
Merida,,,,,,
The City of Apopka,,,,,,
Panbari,,,,,,
Ramnath Colony,,,,,,
Texas Hill County,,,,,,
PARIS,,,,,,
Indian Ocean,,,,,,
KERR COUNTY,,,,,,
Sacramento,,,,,,
Pontypridd,,,,,,
the North Fork,,,,,,
Avalon Peninsula,,,,,,
Romania,,,,,,
the South San Gabriel River,,,,,,
Mataram City,,,,,,
Chapel Hill,,,,,,
fla,,,,,,
Lancaster city,,,,,,
BOTSWANA,,,,,,
the South West,,,,,,
the Gulf of Mexico,,,,,,
the Dhansiri River,,,,,,
Paitan,,,,,,
Minnesota,,,,,,
Lancaster,,,,,,
Eastern Cape Province,,,,,,
Gowanus,,,,,,
Kangra,,,,,,
Nairobi,,,,,,
The Beas River,,,,,,
Mandi,,,,,,
Sirmaur,,,,,,
the Beas River,,,,,,
Manheim Borough,,,,,,
Ogun River,,,,,,
LANCASTER COUNTY,,,,,,
Midstate,,,,,,
Australia&#039;s east coast,,,,,,
Florida Everglades,,,,,,
Hebei province,,,,,,
May.,,,,,,
Kara,,,,,,
Isheri,,,,,,
Laputa,,,,,,
the Sea of Japan coast,,,,,,
Babar Mahal,,,,,,
Red River Estuary,,,,,,
Offaly,,,,,,
Pong Inn,,,,,,
Taunggyi,,,,,,
Hopong,,,,,,
Hsihseng,,,,,,
Shan State,,,,,,
West Midlands,,,,,,
Western Alaska,,,,,,
the Yangtze River Estuary,,,,,,
Huehuetla,,,,,,
Carolina,,,,,,
Downdetector,,,,,,
Stablecoin,,,,,,
stablecoin,,,,,,
Ethereum,,,,,,
Vadodara,,,,,,
Idaho,,,,,,
INDONESIA,,,,,,
Indonesias,,,,,,
Space Coast,,,,,,
Eugowra,,,,,,
Central West,,,,,,
Guiana,,,,,,
Westchester County,,,,,,
Thessaloniki,,,,,,
Chalkidiki,,,,,,
Bulgaria,,,,,,
Pontian,,,,,,
the Tule River Tribe,,,,,,
Jalpaiguri,,,,,,
Ramdhuni,,,,,,
the Roshi River,,,,,,
Typhoon Matmo,,,,,,
Dubai,,,,,,
San Luis Obispo County,,,,,,
Strip,,,,,,
NORFOLK,,,,,,
the East Ocean View,,,,,,
Mudslides,,,,,,
the Mediterranean Sea,,,,,,
Betong,,,,,,
the Feme River,,,,,,
PORTSMOUTH,,,,,,
Suriname,,,,,,
Hispaniola,,,,,,
Ottawa,,,,,,
Camden,,,,,,
Ocala,,,,,,
Talisay City,,,,,,
Typhoon Uwan,,,,,,
Haywood County,,,,,,
Darling Downs,,,,,,
JAMAICA,,,,,,
Durham Region,,,,,,
Rio Bonito,,,,,,
the Carter Lake Dam,,,,,,
Montrose,,,,,,
Saratok district,,,,,,
Canary Islands,,,,,,
Spains Canary Islands,,,,,,
Bicol,,,,,,
Aurora,,,,,,
Saudi Arabia,,,,,,
Mecca,,,,,,
Storm Claudia,,,,,,
Monmouth,,,,,,
LONDON,,,,,,
Madagascar,,,,,,
Attica,,,,,,
Montego Bay,,,,,,
Western Maryland,,,,,,
Larut,,,,,,
Matang,,,,,,
Selama District,,,,,,
the North Sea,,,,,,
Brewster County,,,,,,
HOUSTON,,,,,,
CW39,,,,,,
Texas Gulf,,,,,,
Kharkiv,,,,,,
Sumy,,,,,,
Jacksonville,,,,,,
Lake,,,,,,
West Palm Beach,,,,,,
Chivirico,,,,,,
Lake County,,,,,,
Hoi An,,,,,,
Kingston,,,,,,
St. Andrew,,,,,,
St. Thomas,,,,,,
the Tennessee River,,,,,,
Outaouais,,,,,,
Santa Barbara,,,,,,
Kagoshima Prefecture,,,,,,
The Village of Cary,,,,,,
Mechelen,,,,,,
the Atlantic Inn,,,,,,
the Alau Dam,,,,,,
Ganyliel,,,,,,
Panyijiar County,,,,,,
Marin County,,,,,,
KARACHI,,,,,,
Hioki City,,,,,,
Peoria,,,,,,
the United Kingdom,,,,,,
Swabi,,,,,,
West Nusa,,,,,,
Tenggara,,,,,,
the Surwal Dam,,,,,,
Black Rock City,,,,,,
Boise,,,,,,
Tamil Nadu,,,,,,
SAN FRANCISCO,,,,,,
Tawi river,,,,,,
Penampang,,,,,,
Putatan,,,,,,
the Virgin Islands,,,,,,
Chositi,,,,,,
Bay Area,,,,,,
Harsil Valley,,,,,,
Uttarkashi,,,,,,
Hartford,,,,,,
Hokuriku,,,,,,
Chiang Rai province,,,,,,
Longhorn,,,,,,
Nebraska,,,,,,
Minneapolis,,,,,,
JUNEAU,,,,,,
Odessa,,,,,,
The United States,,,,,,
CHARLESTON,,,,,,
NCR,,,,,,
Noida,,,,,,
Delhi-NCR,,,,,,
Hong Kong’s,,,,,,
Cardwell,,,,,,
the Kanawha River Basin,,,,,,
Pacific Coast Highway,,,,,,
Pacific Coast,,,,,,
Cairns,,,,,,
Hong Kongs,,,,,,
the Central Coast,,,,,,
Canberra,,,,,,
Wyoming County,,,,,,
Sungai Kaiduan,,,,,,
Capitol Hill,,,,,,
Amritsar,,,,,,
Bongawan,,,,,,
Hyderabad,,,,,,
Barstow,,,,,,
Black Sea,,,,,,
Devon,,,,,,
Typhoon Ragasa,,,,,,
JERUSALEM,,,,,,
Redlands,,,,,,
Hualien,,,,,,
Huntington,,,,,,
Charlotte,,,,,,
Mexico City,,,,,,
Globe,,,,,,
Altadena,,,,,,
Munich,,,,,,
Kanagawa,,,,,,
the Sultanah Aminah Hospital,,,,,,
Sudan,,,,,,
Cornwall,,,,,,
New Delhis,,,,,,
New Delhi's,,,,,,
LAHORE,,,,,,
Glacial lake,,,,,,
ADEN,,,,,,
Salal Dam,,,,,,
North America,,,,,,
west coast,,,,,,
Baja California,,,,,,
the Tawi river,,,,,,
Desert Southwest,,,,,,
Beaconsfield,,,,,,
the Sargasso Sea,,,,,,
eastern Pennsylvania,,,,,,
Mass.,,,,,,
Meituan,,,,,,
Monsoon,,,,,,
Bomba,,,,,,
Burundi,,,,,,
Lagos,,,,,,
Hawaii County,,,,,,
States,,,,,,
South Island,,,,,,
Scarborough,,,,,,
Shah Alam,,,,,,
Luwu District,,,,,,
Australias east,,,,,,
Andalusia,,,,,,
Kampung,,,,,,
Hunter,,,,,,
South Sulawesi Province,,,,,,
Akute,,,,,,
Var,,,,,,
landsli,,,,,,
Sagamu,,,,,,
the Arabian Sea,,,,,,
Kalimantan,,,,,,
Iperu,,,,,,
the Murray Basin,,,,,,
Delta,,,,,,
James Bay Coast,,,,,,
South Florida,,,,,,
Kilkenny,,,,,,
BRUSSELS,,,,,,
Berau District,,,,,,
Port Macquarie's,,,,,,
Tailfin,,,,,,
Semisonic,,,,,,
The Ohio River,,,,,,
the Gulf of,,,,,,
Cordillera,,,,,,
Blanca,,,,,,
Paros island,,,,,,
Huaraz,,,,,,
Austin,,,,,,
Laidley,,,,,,
Mississippi river,,,,,,
Swiss valley,,,,,,
the Ohio River,,,,,,
Fraser Island,,,,,,
Alpine,,,,,,
Bayou La Batre,,,,,,
Ethiopia,,,,,,
Coronado,,,,,,
the Central Plains,,,,,,
Outback,,,,,,
Crete,,,,,,
Paros,,,,,,
MADRID,,,,,,
Bacolod City,,,,,,
Drummondville,,,,,,
the North Island,,,,,,
New York City's,,,,,,
Kluang,,,,,,
Andes,,,,,,
Coachella Valley,,,,,,
the Korle Lagoon,,,,,,
Floridas,,,,,,
PORTLAND,,,,,,
North Barito District,,,,,,
Central Kalimantan Province,,,,,,
Accra,,,,,,
Major River Flooding,,,,,,
Appalachian Mountains,,,,,,
Solukhumbu,,,,,,
the Klang Valley,,,,,,
the Kathmandu Valley,,,,,,
Frankfurt,,,,,,
the Ottawa River,,,,,,
Latin America,,,,,,
Wis.,,,,,,
Vrije Universiteit Amsterdam,,,,,,
WINDHOEK,,,,,,
Ohangwena,,,,,,
BISSAU,,,,,,
Southern Plains,,,,,,
Beaverton,,,,,,
North Carolina’s,,,,,,
the Cascadia Subduction Zone,,,,,,
the West bank,,,,,,
Finger Lakes,,,,,,
JB,,,,,,
Mississippi River,,,,,,
Albermarle County,,,,,,
LISMORE,,,,,,
Taman,,,,,,
Multiple States,,,,,,
St. John's,,,,,,
Outback Queensland,,,,,,
Orange Beach,,,,,,
Indah,,,,,,
Swannanoa,,,,,,
Western North Carolina,,,,,,
Northern Virginia,,,,,,
Arlington County,,,,,,
Thargomindah,,,,,,
Pahang,,,,,,
DeLand,,,,,,
VOLUSIA COUNTY,,,,,,
ORLANDO,,,,,,
North Island,,,,,,
Leicester,,,,,,
Okla.,,,,,,
DAUPHIN ISLAND,,,,,,
Somalias,,,,,,
MOGADISHU,,,,,,
Indianapolis,,,,,,
the Northern Territory,,,,,,
The West Coast,,,,,,
DYERSBURG,,,,,,
Albany,,,,,,
Brussels,,,,,,
Atmospheric River Flooding,,,,,,
Assam,,,,,,
Ndjili River,,,,,,
Atmospheric River,,,,,,
Rancho Palos Verdes,,,,,,
Greater Cincinnati,,,,,,
north east,,,,,,
the Democratic Republic of,,,,,,
Paducah,,,,,,
SA,,,,,,
UNITED STATES,,,,,,
Pisa,,,,,,
Lake City,,,,,,
the Democratic Republic of the Congo,,,,,,
Arunachal Pradesh,,,,,,
Moscow,,,,,,
Sherman Park,,,,,,
south Kashmir,,,,,,
BJP,,,,,,
East 47th,,,,,,
North India,,,,,,
Merritt Island,,,,,,
Parana,,,,,,
Pulwama district,,,,,,
Kashmir valley,,,,,,
TAMPA,,,,,,
eastern city,,,,,,
JALALPUR PIRWALA,,,,,,
UNIVERSITY CITY,,,,,,
South Lanarkshire,,,,,,
Chosei,,,,,,
Yamaguchi Prefecture,,,,,,
the Korean Peninsula,,,,,,
Glasgow,,,,,,
Central Queensland,,,,,,
Dungog,,,,,,
New Yo,,,,,,
Storm Babet,,,,,,
Thargomi,,,,,,
west Tennessee,,,,,,
PUNJAB,,,,,,
Himalayan glacial,,,,,,
Ladakh,,,,,,
glacial lakes,,,,,,
Trans-Yamuna,,,,,,
Seattle,,,,,,
NEW ORLEANS,,,,,,
Wazirabad,,,,,,
Hathnikund,,,,,,
Oluwasinaayomi,,,,,,
Ferozepur,,,,,,
Jamaliwala,,,,,,
Zeldin,,,,,,
Pacific Ocean,,,,,,
North Seberang,,,,,,
Tanah Liat,,,,,,
"South Lanarkshire
",,,,,,
Alexander County,,,,,,
Sindh province,,,,,,
GST,,,,,,
Penanti,,,,,,
Pacific basin,,,,,,
Multan,,,,,,
midwestern United States,,,,,,
northeast Arkansas,,,,,,
Jalalpur Pirwala,,,,,,
WELLINGTON,,,,,,
the Prairie Creek Watershed,,,,,,
North Qld,,,,,,
GREEN RIVER,,,,,,
Emery County S,,,,,,
the Ozark Mountains,,,,,,
the Iril River,,,,,,
Västernorrland,,,,,,
Park City,,,,,,
Battery Park City,,,,,,
Superstorm Sandy,,,,,,
Ethelbert,,,,,,
Getty,,,,,,
the South East Asian,,,,,,
Prague,,,,,,
Marlborough,,,,,,
Putrajaya,,,,,,
KHANEWAL,,,,,,
the North Bay,,,,,,
the Island of the Gods,,,,,,
Las Vegas',,,,,,
Western Jamaica,,,,,,
East Kalimantan,,,,,,
Swiggy,,,,,,
Zomato,,,,,,
ORANGE BEACH,,,,,,
San Bernardino,,,,,,
San Bernardino County Fire Protection District,,,,,,
Queenslands southwest,,,,,,
Sg Kaiduan,,,,,,
JOHOR,,,,,,
Breadbasket Of Punjab,,,,,,
Americ,,,,,,
Bal…,,,,,,
Millennium City,,,,,,
Easter weekend,,,,,,
the Green River,,,,,,
the Tasman Sea,,,,,,
Togoshi Ginza,,,,,,
str…,,,,,,
Tropical Storm,,,,,,
Tasman,,,,,,
Shasta County,,,,,,
Mindanao,,,,,,
Man.,,,,,,
Abu Dhabi,,,,,,
Cwmbwrla,,,,,,
Mount Taranaki,,,,,,
Khaj,,,,,,
New Zealand North Islands,,,,,,
The North Island,,,,,,
the Pasor Percuma Ganu Kite,,,,,,
Changi,,,,,,
Java&rsquo;s northern,,,,,,
ARKANSAS,,,,,,
River Iril,,,,,,
Dehradun,,,,,,
Venice,,,,,,
South Asia's,,,,,,
the Chenab River,,,,,,
Antwerp,,,,,,
Muzaffarabad,,,,,,
Jhelum River,,,,,,
CHP,,,,,,
the Windy City,,,,,,
Southern U.S.,,,,,,
Merthyr,,,,,,
North West Slopes,,,,,,
Mithi river,,,,,,
Binance,,,,,,
Rio Grande Valley,,,,,,
Erin,,,,,,
Sidharth-Kiara,,,,,,
Rockaway Beach,,,,,,
Mendocino County,,,,,,
Californias,,,,,,
Engla,,,,,,
South Hampstead,,,,,,
Washington Free Beacon,,,,,,
the Southern Plains,,,,,,
Hazard,,,,,,
Appalachian,,,,,,
Hopland,,,,,,
the Russian River,,,,,,
Lough Funshinagh,,,,,,
Co Roscommon,,,,,,
Central Park,,,,,,
Ill.,,,,,,
Pendleton County,,,,,,
CARY,,,,,,
Indian Kashmir Mountain Village,,,,,,
Chisoti,,,,,,
Chasoti,,,,,,
the Sacramento River,,,,,,
TEHAMA COUNTY,,,,,,
Pacific Northwest coast,,,,,,
Khyber Pakhtunkhwa,,,,,,
Virgin Islands,,,,,,
Christchurch,,,,,,
Cambridgeshire,,,,,,
Puerto Rico Erin,,,,,,
Cascadia,,,,,,
Americas,,,,,,
New Pakistan,,,,,,
Hatteras,,,,,,
SAN DIEGO,,,,,,
Ocracoke Islands,,,,,,
Borno State,,,,,,
the U.S. East Coast,,,,,,
Sinaloa,,,,,,
Zambada,,,,,,
U.S. East Coast,,,,,,
Pakhtunkhwa province,,,,,,
Buner,,,,,,
South California,,,,,,
Midwest-IX,,,,,,
LAKE CITY,,,,,,
Reasi district,,,,,,
Ticino,,,,,,
Belonia,,,,,,
Jammus,,,,,,
west,,,,,,
South East Asia,,,,,,
on Bay Area,,,,,,
Thargom,,,,,,
North Barito,,,,,,
South West,,,,,,
"South West
",,,,,,
NAROWAL,,,,,,
Central Kalimantan's,,,,,,
Forest of Dean,,,,,,
Lydney,,,,,,
Northeast Australia,,,,,,
Kasur,,,,,,
BARCELONA,,,,,,
monsoon,,,,,,
Hopkinsville,,,,,,
eastern province's,,,,,,
south Haryana,,,,,,
Hydroclimate,,,,,,
San Bernardino County,,,,,,
Midleton,,,,,,
West Bank,,,,,,
Chenab River,,,,,,
Srinagar,,,,,,
the Mississippi Sound,,,,,,
distric,,,,,,
Miss.,,,,,,
VIETNAM,,,,,,
Atmospheric River Rain,,,,,,
Butler,,,,,,
an Atmospheric River,,,,,,
NEW DELHI/ISLAMABAD,,,,,,
New ... NEW DELHI/ISLAMABAD,,,,,,
Anadolu,,,,,,
Sou…,,,,,,
Una,,,,,,
Southeast U.S,,,,,,
Russian River,,,,,,
Kajiki,,,,,,
J&K,,,,,,
the Imperial Valley,,,,,,
Westmoreland,,,,,,
Mountain,,,,,,
Imperial Valley,,,,,,
Waterford,,,,,,
Opp,,,,,,
Chennai,,,,,,
Kashmirs Jammu,,,,,,
Central United States,,,,,,
Washington DC,,,,,,
Gulf of Mexico,,,,,,
Mississippi city,,,,,,
Forest Falls,,,,,,
Majha,,,,,,
San Bernardino C,,,,,,
the Middle of America,,,,,,
Central Vietnam,,,,,,
Veracruz,,,,,,
Pacific Palisades,,,,,,
Poza Rica,,,,,,
Kajang,,,,,,
Puchong,,,,,,
Scott County's,,,,,,
Mandeville Canyon,,,,,,
Qui,,,,,,
Westmeath,,,,,,
Salsa,,,,,,
Treasure Beach,,,,,,
New Hope,,,,,,
Gurdaspur,,,,,,
Tennessee Valley,,,,,,
Hurricane Melissa,,,,,,
Communities,,,,,,
recordis,,,,,,
the West Mid,,,,,,
landfalling Atlantic,,,,,,
Scott County,,,,,,
Nirmal,,,,,,
Typhoon Halong's,,,,,,
Typhoon Halong’s,,,,,,
Adelaide,,,,,,
Adilabad,,,,,,
riverside communities,,,,,,
Pagosa Springs,,,,,,
Archuleta County Sheriff,,,,,,
Northern Cal,,,,,,
Emlyn,,,,,,
Kenyas western Rift Valley,,,,,,
Pyongyang,,,,,,
CENTRAL ARKANSAS,,,,,,
N.J,,,,,,
New Jerseys,,,,,,
Azusa,,,,,,
S Sulawesi's,,,,,,
Norfolk,,,,,,
KY,,,,,,
Black River,,,,,,
the Jersey Shore,,,,,,
Subang Jaya,,,,,,
Mediterranean Sea,,,,,,
Berhad,,,,,,
Black River Market,,,,,,
Virginia Beach,,,,,,
Hulu Langat,,,,,,
Phidim,,,,,,
Klang,,,,,,
Alaskas,,,,,,
Petaling,,,,,,
Washington Heights,,,,,,
East Coast With Floods,,,,,,
Atlantic City,,,,,,
RUSSIA,,,,,,
Cyclades,,,,,,
Aegean Sea,,,,,,
the Democratic Republic of Co,,,,,,
the Democratic Republic of Congo's,,,,,,
the Paroo River,,,,,,
Benfica,,,,,,
Western Japan,,,,,,
Southern US,,,,,,
Kentuck,,,,,,
Portmore,,,,,,
Kampung Pengkalan Bukit,,,,,,
Kure City,,,,,,
Ohio River,,,,,,
the Mississippi River Valley,,,,,,
MONTEREY,,,,,,
LITTLE ROCK,,,,,,
KINGSTON,,,,,,
South Lebanon,,,,,,
Erie County,,,,,,
The Kentucky River,,,,,,
San Jacinto,,,,,,
ISTANBUL,,,,,,
Jamaica KINGSTON,,,,,,
Miss,,,,,,
the Western Atlantic,,,,,,
Mississippi River Valley,,,,,,
Kr,,,,,,
Central America,,,,,,
Paramaribo,,,,,,
BACOLOD,,,,,,
the Rare Earth Trap,,,,,,
BACOLOD CITY,,,,,,
Bullitt County,,,,,,
LEBANON JUNCTION,,,,,,
Telangana,,,,,,
Corpus Christi,,,,,,
Island,,,,,,
Idukki district,,,,,,
Luzon,,,,,,
Antrim,,,,,,
Armagh,,,,,,
Newcastle County,,,,,,
Chignecto Isthmus,,,,,,
This Iowa County Is Ready For Anything,,,,,,
Chapula,,,,,,
Gundratimadugu,,,,,,
Vishwamitri river,,,,,,
Vishwamitri River,,,,,,
Mahabubabad,,,,,,
Indonesias Central Java province,,,,,,
li></li,,,,,,
Chollas Creek,,,,,,
Tiny Gulf Town,,,,,,
multiday,,,,,,
WATAGUA COUNTY,,,,,,
Democratic Republic of Congo,,,,,,
east Wales,,,,,,
MUMBAI,,,,,,
Southern New,,,,,,
SoHo street,,,,,,
Arizona GLOBE,,,,,,
Phoenix,,,,,,
Gila County,,,,,,
Lismore NSW,,,,,,
Mayotte,,,,,,
Scottsdale,,,,,,
River,,,,,,
Tropical Storm Imelda,,,,,,
Mahayuti,,,,,,
NKY,,,,,,
Zibi,,,,,,
Tesasini,,,,,,
Carmarthenshire,,,,,,
New York State,,,,,,
Philly,,,,,,
Meath,,,,,,
Historic Mining Town,,,,,,
The South Asian,,,,,,
Bethesda,,,,,,
Innisfail,,,,,,
Éowyn,,,,,,
Cebu City,,,,,,
Louth,,,,,,
Chilterns,,,,,,
Bakun,,,,,,
Selangau,,,,,,
Ariz.,,,,,,
“BPBD,,,,,,
Woodside,,,,,,
Fix Auckland,,,,,,
Gia Lai province,,,,,,
Super Typhoon Ragasa,,,,,,
Baldwin County,,,,,,
Cleveland,,,,,,
Dak Lak,,,,,,
Türkiyes Black Sea,,,,,,
KWIGILLINGOK,,,,,,
Babuyan,,,,,,
the Central United States,,,,,,
SC,,,,,,
South Carolinas,,,,,,
Rosemont,,,,,,
Luvenia Brown,,,,,,
Ont.,,,,,,
South Dublin C,,,,,,
Space City,,,,,,
DAK LAK,,,,,,
Southern China,,,,,,
the Wicklow Mountains,,,,,,
HUNTINGTON,,,,,,
"Long Island
",,,,,,
Ulster,,,,,,
Leinster,,,,,,
Nanga Penyarai,,,,,,
TENNESSEE,,,,,,
Volusia,,,,,,
Indian Himalayas,,,,,,
Mexic,,,,,,
Darjeeling hills,,,,,,
ove…,,,,,,
surroundi,,,,,,
Nile,,,,,,
Tala,,,,,,
the Yukon-Kuskokwim Delta,,,,,,
DRC,,,,,,
La Niña,,,,,,
the Northeast Monsoon,,,,,,
Native Alaska,,,,,,
ACI Africa,,,,,,
the Middle East,,,,,,
Priscilla,,,,,,
the Empire Wind,,,,,,
Groww,,,,,,
New … Rescue,,,,,,
Alicante,,,,,,
SLO County,,,,,,
Kakamega,,,,,,
Puebla,,,,,,
SAN JUAN COUNTY,,,,,,
NEW MEXICO,,,,,,
Gemini,,,,,,
Oman,,,,,,
municip,,,,,,
the south east,,,,,,
eastern hill,,,,,,
northwest Oregon,,,,,,
Burin Peninsula,,,,,,
Mozambique,,,,,,
Rhodes,,,,,,
Zakynthos,,,,,,
Aetoliko,,,,,,
East Vidarbha,,,,,,
Serian,,,,,,
Queenslands coast,,,,,,
Salt,,,,,,
Northern Kentucky,,,,,,
TOOELE,,,,,,
Placentia Bay,,,,,,
SALT LAKE CITY,,,,,,
Ukraines Kharkiv,,,,,,
Aegean,,,,,,
North Attleboro,,,,,,
the Lagos Island,,,,,,
Southwest Ohio,,,,,,
Illam,,,,,,
Greater Manchester,,,,,,
Darjeeling Hills,,,,,,
the Tule River Indian Reservation,,,,,,
Somerset,,,,,,
Mayorga,,,,,,
Central Arkansas,,,,,,
Coral reef,,,,,,
the Yorkshire Dales,,,,,,
Sikkim,,,,,,
Fukuoka Prefecture,,,,,,
Brittany,,,,,,
Juba,,,,,,
the Mount Everest,,,,,,
Chiques Creek,,,,,,
Hubei,,,,,,
Xianfeng,,,,,,
Yellowstone,,,,,,
the Garden of Eden,,,,,,
NSW Mid North Coast,,,,,,
East Coast Begins Flood Cleanup as Waters Recede,,,,,,
Manheim,,,,,,
Eastern Pacific,,,,,,
the Eastern Pacific,,,,,,
Riverdale,,,,,,
Spains Gran Canaria,,,,,,
Allegheny,,,,,,
MISSISSAUGA,,,,,,
the Ogun River,,,,,,
Kempsey,,,,,,
NSW river,,,,,,
Ogun State,,,,,,
Kuma,,,,,,
Bharad,,,,,,
Deji,,,,,,
Payala,,,,,,
Rukchui,,,,,,
Stockbridge,,,,,,
Timsbury,,,,,,
Phuket,,,,,,
recor,,,,,,
rainfal,,,,,,
La Castellana,,,,,,
Bexar County,,,,,,
the River City,,,,,,
CHIMNEY ROCK,,,,,,
Fraser Island Retreat,,,,,,
Hermes,,,,,,
West Java's,,,,,,
accor,,,,,,
Plantersville,,,,,,
Pakistan PESHAWAR,,,,,,
Flooding Beaches,,,,,,
Apopka,,,,,,
Klang River,,,,,,
Chom Thong,,,,,,
APOPKA,,,,,,
Border Lake,,,,,,
Chiang Mai's,,,,,,
North … CHIMNEY ROCK,,,,,,
Ahmedabad,,,,,,
northwest mountanious province,,,,,,
Comal County,,,,,,
Himachal Pradesh's,,,,,,
Lane County,,,,,,
Serbia,,,,,,
Gold Coast,,,,,,
Budhabalang,,,,,,
Jalaka,,,,,,
Wilderness Lodge,,,,,,
Richmond,,,,,,
the Gulf's Bay of Campeche,,,,,,
Tuxpan,,,,,,
Bandera County,,,,,,
isolat,,,,,,
Olympic Village,,,,,,
St. Johns River,,,,,,
KXAN,,,,,,
Manning River,,,,,,
NSW beaches,,,,,,
Ijebu-Ode,,,,,,
Cow Creek,,,,,,
Fort H,,,,,,
​Flooding,,,,,,
Mānoa,,,,,,
Mnoa,,,,,,
South Peninsular India,,,,,,
Mid-Wales,,,,,,
San Diego's,,,,,,
mont,,,,,,
JUPITER,,,,,,
SANTA FE,,,,,,
Great Basin,,,,,,
The Manning River,,,,,,
Rajang River,,,,,,
Goa,,,,,,
Nav Kanya Nagar,,,,,,
Narsala,,,,,,
Myagdi River,,,,,,
Pernem,,,,,,
Munster,,,,,,
Dhaulagiri Rural Municipality,,,,,,
TALLMADGE,,,,,,
Vikings,,,,,,
Liverpool,,,,,,
El Nino/La Nina,,,,,,
ALBUQUERQUE,,,,,,
Springfield,,,,,,
Haw River,,,,,,
Yemule River,,,,,,
Llano River,,,,,,
Dhansiri river,,,,,,
MELBOURNE,,,,,,
District,,,,,,
Eastern Australia,,,,,,
southeast coast,,,,,,
San,,,,,,
Guwahati Flooding,,,,,,
Port Macquarie,,,,,,
French Indian Ocean,,,,,,
Willow Creek,,,,,,
Vancouver Island,,,,,,
Riverland,,,,,,
Houston Texans,,,,,,
eastern Australia,,,,,,
Warewa,,,,,,
Kingsland,,,,,,
The Llano River,,,,,,
Llano County,,,,,,
Kerr county,,,,,,
Centr,,,,,,
the United Arab Emirates,,,,,,
Shakira Donates Portion of Concert Proceeds to Victims & Families of Deadly Texas Floods,,,,,,
Eastern Australia Floods,,,,,,
Konkan,,,,,,
USA,,,,,,
ove… Central Texas,,,,,,
Victoria,,,,,,
North Tablelands,,,,,,
K'gari,,,,,,
West Java Province,,,,,,
Alpine valley,,,,,,
the Birch Glacier,,,,,,
Russian Invasion,,,,,,
Irpin valley,,,,,,
Mokwa city,,,,,,
Southern,,,,,,
the NSW Northern Rivers,,,,,,
Lawrence,,,,,,
FAIRVIEW,,,,,,
Bollywood,,,,,,
Cannes,,,,,,
Dawson Creek,,,,,,
The City of Dawson Creek,,,,,,
Google Earth,,,,,,
Mizoram,,,,,,
Dadeldhura,,,,,,
Dipayal,,,,,,
Bangkok girds,,,,,,
Perrin Beitel,,,,,,
Tura,,,,,,
arctic,,,,,,
Logan,,,,,,
the Lockyer Valley,,,,,,
Hainan Island,,,,,,
San Antonio Floods,,,,,,
Boko,,,,,,
Northern New South Wales,,,,,,
expe,,,,,,
Lake Eyre Turns,,,,,,
San AntonioCNN,,,,,,
South East Queensland,,,,,,
Jersey,,,,,,
Southwest California,,,,,,
Plaquemines,,,,,,
Tiffin Maza,,,,,,
Yunnan,,,,,,
Nujiang Lisu Autonomous Prefecture,,,,,,
Mokwa Read,,,,,,
North Atlantic,,,,,,
Lake Tanganyika’s,,,,,,
Project,,,,,,
the Serchio River,,,,,,
North Carolina State University,,,,,,
CM Sarma,,,,,,
Northeastern,,,,,,
Agartala,,,,,,
Mid Coast,,,,,,
Southern Nevada,,,,,,
MONTREAL,,,,,,
Belagavi,,,,,,
GUWAHATI,,,,,,
N.S.,,,,,,
the Bay of Fundy,,,,,,
Mississippi Valley,,,,,,
Los Angeles Tornado,,,,,,
the Great Plains,,,,,,
WA,,,,,,
Nhill,,,,,,
ALLEGHENY COUNTY,,,,,,
FRANCE,,,,,,
Southwestern Mexico,,,,,,
Shaboozey,,,,,,
Dharwad,,,,,,
Gijang River,,,,,,
Dover,,,,,,
San Antoni,,,,,,
Marion,,,,,,
batter east coast,,,,,,
New South,,,,,,
The Eastern Cape,,,,,,
Minna,,,,,,
Puerto Angel,,,,,,
Benue Rivers,,,,,,
the Tijuana River,,,,,,
HARTFORD,,,,,,
Chaba,,,,,,
Guangxi,,,,,,
Hunan,,,,,,
Chongqi,,,,,,
West Virginia's,,,,,,
Taman Bukit,,,,,,
Mexicos Pacific,,,,,,
Nigeriaon,,,,,,
Borderland,,,,,,
Bow River,,,,,,
the River Lonza,,,,,,
Tel Aviv,,,,,,
Ciawi,,,,,,
bangladesh,,,,,,
Menucha Junction to Tzukim Junction,,,,,,
Menucha Junction,,,,,,
Rongjiang county,,,,,,
Kathua,,,,,,
offic… JAMMU,,,,,,
Easter,,,,,,
Memphis,,,,,,
the Alpine valley,,,,,,
QLD,,,,,,
Lakhimpur,,,,,,
West Coast,,,,,,
Africas,,,,,,
Murwillumbah,,,,,,
week Ireland,,,,,,
Mt Marapi's,,,,,,
West Sumatra,,,,,,
Fresno,,,,,,
West Virgina,,,,,,
the Tweed River,,,,,,
Pico Rivera,,,,,,
West Virginia City,,,,,,
the Manning River's,,,,,,
Southeast Michigan,,,,,,
Riverside County,,,,,,
CBD,,,,,,
Wichita,,,,,,
Crestview,,,,,,
Port City,,,,,,
Kamrup Metropolitan,,,,,,
possibl…,,,,,,
Fraser Coast,,,,,,
ROME,,,,,,
Grafton,,,,,,
Chiapas,,,,,,
Mexicos Pacific coast,,,,,,
kille,,,,,,
Ballina,,,,,,
PUERTO ESCONDIDO,,,,,,
Tx.,,,,,,
Center,,,,,,
Northern Irel,,,,,,
Chinatown,,,,,,
Hornellsville,,,,,,
Far East ',,,,,,
MOSCOW,,,,,,
Russias Far East coast,,,,,,
Central Texas Floods,,,,,,
Noses Creek,,,,,,
mideast,,,,,,
Liaoning,,,,,,
Shandong,,,,,,
Kerr Countys,,,,,,
the Hudson Valley,,,,,,
Hartsville,,,,,,
Greenwood,,,,,,
Que,,,,,,
Grande Valley,,,,,,
the Klabava River,,,,,,
Transy,,,,,,
La.,,,,,,
Suceava County,,,,,,
SHREVEPORT,,,,,,
Transylvania,,,,,,
the East Coast MOUNT,,,,,,
Birdsville,,,,,,
Southern Californias,,,,,,
fl,,,,,,
BUCHAREST,,,,,,
AMMAN,,,,,,
Shonga Rice F,,,,,,
southw,,,,,,
Jasper,,,,,,
Severo-Kurilsk,,,,,,
Chengde city,,,,,,
The City of Kerrville,,,,,,
Yenisei River,,,,,,
Patagonia,,,,,,
Earth Island,,,,,,
the Yangtze River,,,,,,
Tianjin,,,,,,
downpour,,,,,,
Beijings,,,,,,
Miyun,,,,,,
CHINA,,,,,,
TV):UPDATE,,,,,,
Beijin,,,,,,
Center Point,,,,,,
Texas City,,,,,,
the Yellow River,,,,,,
Banke,,,,,,
Yellow River,,,,,,
Ac,,,,,,
Los Angeles',,,,,,
Santa Cruz,,,,,,
LEESBURG,,,,,,
Melbourne,,,,,,
Rasuwaga,,,,,,
Rasuwagadhi,,,,,,
San Diego Bay Area,,,,,,
Kamchatka Peninsula,,,,,,
Fort Bragg,,,,,,
Russias Kamchatka Peninsula,,,,,,
the Chicago River,,,,,,
Bedfo,,,,,,
North-East,,,,,,
Point,,,,,,
Marina Barrage,,,,,,
WV,,,,,,
Southeast Wisconsin,,,,,,
Love,,,,,,
the Milky W,,,,,,
Chenab river,,,,,,
Tamana,,,,,,
Nagasu,,,,,,
GILGIT,,,,,,
Latin America &amp,,,,,,
Small Island Developing States,,,,,,
Wellington,,,,,,
Selwyn,,,,,,
Man City,,,,,,
Manchester City,,,,,,
the East-West Highway,,,,,,
East-West Highway,,,,,,
ar,,,,,,
Lowndes County,,,,,,
El Niño,,,,,,
Farmington,,,,,,
São Vicente,,,,,,
the Mendenhall Glacier,,,,,,
Suicide Basin,,,,,,
WEST BEND,,,,,,
West Allis,,,,,,
Hong Kong Extends Record Rain Warnings,,,,,,
Podul Skirts City,,,,,,
INGLEWOOD,,,,,,
Hong …,,,,,,
Selling Sunset,,,,,,
SARAJEVO,,,,,,
Region,,,,,,
Latvia,,,,,,
Southern Taiwan,,,,,,
The Bay Area,,,,,,
passe…,,,,,,
Maryland Heights,,,,,,
MARYLAND,,,,,,
NEWTON COUNTY,,,,,,
Ga.,,,,,,
Kentucky Derby,,,,,,
Hong Kong Sets Rainfall Record as Deluge Disrupts Flights,,,,,,
Ottawa River,,,,,,
Queen City,,,,,,
CHARLOTTE,,,,,,
the Queen City,,,,,,
RIGA,,,,,,
ANCHORAGE,,,,,,
Uttar,,,,,,
Breitbar,,,,,,
Sea of Japan coast,,,,,,
consu,,,,,,
Torrential monsoon,,,,,,
Rawalpindi city,,,,,,
Sarajevo,,,,,,
Chinas Gansu province,,,,,,
GUANGZHOU,,,,,,
Pingtou,,,,,,
Indias Uttarakhand,,,,,,
OpenAI,,,,,,
GPT-5,,,,,,
Miyun district,,,,,,
Doveton,,,,,,
Shanxi province,,,,,,
Chengde City,,,,,,
New York G,,,,,,
Long Beach,,,,,,
New Jersey Flash Flooding,,,,,,
New Jersey's,,,,,,
Journalismfund Europe,,,,,,
Ingleside,,,,,,
NEW YORK CITY - SEPTEMBER,,,,,,
Westernport,,,,,,
indus,,,,,,
Floodwater,,,,,,
Allegany County,,,,,,
Wimberley,,,,,,
Comfort,,,,,,
Lancaster Countys,,,,,,
Gulf coast,,,,,,
Koshi River Area,,,,,,
Kavrepalanchok,,,,,,
the Coastal Empire,,,,,,
Northeast monsoon,,,,,,
Southeast US,,,,,,
southcentral,,,,,,
Mount Pleasant,,,,,,
West Virgi,,,,,,
West VirginiaThe,,,,,,
Mannagundi,,,,,,
Kokkada village,,,,,,
Udupi,,,,,,
South Kor,,,,,,
Thundery,,,,,,
New,,,,,,
Westernport BALTIMORE,,,,,,
New Jersey’s,,,,,,
Texa…,,,,,,
Nutley Township’s,,,,,,
Flood Britain's,,,,,,
the North East,,,,,,
Nearmap,,,,,,
BOSTON,,,,,,
Mass,,,,,,
Scripps,,,,,,
Rome,,,,,,
Texas County Flagged Need for,,,,,,
Republica,,,,,,
Bristol,,,,,,
the Fraser Valley,,,,,,
BC,,,,,,
ALBEMARLE COUNTY,,,,,,
Great Northern Highwa,,,,,,
Vt.,,,,,,
Texa,,,,,,
Presiden,,,,,,
the Gallinas River,,,,,,
Gallinas,,,,,,
Southeastern U.S.,,,,,,
Meyersdale,,,,,,
Pennsylv,,,,,,
TMJ,,,,,,
Tianshan Region,,,,,,
Kumalak River Catchment,,,,,,
Franklin County,,,,,,
Jefferson,,,,,,
Waukesha Ai,,,,,,
K'tan,,,,,,
Tenaga Nasional Bhd,,,,,,
Mississippi valley,,,,,,
Mid-AtlanticThe,,,,,,
Korat,,,,,,
Rocky Broad River,,,,,,
Chimney Rock,,,,,,
OSLO,,,,,,
Louise Hays Park,,,,,,
Kingston South East,,,,,,
Robe,,,,,,
Jhang,,,,,,
Sutlej,,,,,,
the Warren County,,,,,,
Eastern US,,,,,,
Jhelum,,,,,,
the Upper Midwest,,,,,,
Naples,,,,,,
BULACAN,,,,,,
Bulacan,,,,,,
Wayne,,,,,,
Outback Qld,,,,,,
Nepal Village,,,,,,
Larchung Village,,,,,,
Larchung village,,,,,,
The Gulf Coast,,,,,,
Mount Robson Provincial Park,,,,,,
Pakhtunkhwa province t,,,,,,
San Fernand,,,,,,
earth,,,,,,
West El Paso,,,,,,
Gilgit-Baltistan,,,,,,
Korea,,,,,,
Kerrville City,,,,,,
the Indus River,,,,,,
South Chungcheong province,,,,,,
Alaska’s,,,,,,
RIVES,,,,,,
U.S. LOUISVILLE,,,,,,
Aleutian,,,,,,
Kali Gandaki,,,,,,
New Dam Construction,,,,,,
New Dams,,,,,,
libxmp,,,,,,
Indus River,,,,,,
Kalabagh,,,,,,
Dawn,,,,,,
rescu,,,,,,
Jharkhand,,,,,,
Montgomery County,,,,,,
Atlanta,,,,,,
the Mid North Coast of NSW,,,,,,
Palisades,,,,,,
Russian Far East,,,,,,
Yakutia,,,,,,
Yakutia Republic,,,,,,
the Amazon River,,,,,,
Northern Plains,,,,,,
Marina Bay,,,,,,
SEATTLE,,,,,,
the Hewa Rive… PANCHTHAR,,,,,,
Sancheong county,,,,,,
Gapyeong,,,,,,
York County,,,,,,
